{
  "country.to-europe": "to Europe",
  "country.to-andorra": "to Andorra",
  "country.to-argentina": "to Argentina",
  "country.to-australia": "to Australia",
  "country.to-austria": "to Austria",
  "country.to-bangladesh": "to Bangladesh",
  "country.to-belgium": "to Belgium",
  "country.to-canada": "to Canada",
  "country.to-brazil": "to Brazil",
  "country.to-british-virgin-islands": "to British Virgin Islands",
  "country.to-bulgaria": "to Bulgaria",
  "country.to-chile": "to Chile",
  "country.to-china": "to China",
  "country.to-ghana": "to Ghana",
  "country.to-gibraltar": "to Gibraltar",
  "country.to-croatia": "to Croatia",
  "country.to-cyprus": "to Cyprus",
  "country.to-czech-republic": "to Czech Republic",
  "country.to-denmark": "to Denmark",
  "country.to-east-timor": "to East Timor",
  "country.to-ecuador": "to Ecuador",
  "country.to-egypt": "to Egypt",
  "country.to-el-salvador": "to El Salvador",
  "country.to-estonia": "to Estonia",
  "country.to-faroe-islands": "to Faroe Islands",
  "country.to-finland": "to Finland",
  "country.to-france": "to France",
  "country.to-georgia": "to Georgia",
  "country.to-germany": "to Germany",
  "country.to-greece": "to Greece",
  "country.to-guernsey": "to Guernsey",
  "country.to-hong-kong": "to Hong Kong",
  "country.to-hungary": "to Hungary",
  "country.to-india": "to India",
  "country.to-indonesia": "to Indonesia",
  "country.to-ireland": "to Ireland",
  "country.to-israel": "to Israel",
  "country.to-italy": "to Italy",
  "country.to-japan": "to Japan",
  "country.to-jersey": "to Jersey",
  "country.to-kenya": "to Kenya",
  "country.to-kiribati": "to Kiribati",
  "country.to-latvia": "to Latvia",
  "country.to-nepal": "to Nepal",
  "country.to-liechtenstein": "to Liechtenstein",
  "country.to-lithuania": "to Lithuania",
  "country.to-luxembourg": "to Luxembourg",
  "country.to-malaysia": "to Malaysia",
  "country.to-malta": "to Malta",
  "country.to-marshall-islands": "to Marshall Islands",
  "country.to-mexico": "to Mexico",
  "country.to-micronesia": "to Micronesia",
  "country.to-monaco": "to Monaco",
  "country.to-montenegro": "to Montenegro",
  "country.to-morocco": "to Morocco",
  "country.to-the-netherlands": "to Netherlands",
  "country.to-new-zealand": "to New Zealand",
  "country.to-nigeria": "to Nigeria",
  "country.to-northern-cyprus": "to Northern Cyprus",
  "country.to-norway": "to Norway",
  "country.to-pakistan": "to Pakistan",
  "country.to-panama": "to Panama",
  "country.to-peru": "to Peru",
  "country.to-philippines": "to Philippines",
  "country.to-poland": "to Poland",
  "country.to-portugal": "to Portugal",
  "country.to-romania": "to Romania",
  "country.to-russia": "to Russia",
  "country.to-san-marino": "to San Marino",
  "country.to-singapore": "to Singapore",
  "country.to-slovakia": "to Slovakia",
  "country.to-slovenia": "to Slovenia",
  "country.to-south-africa": "to South Africa",
  "country.to-spain": "to Spain",
  "country.to-sri-lanka": "to Sri Lanka",
  "country.to-sweden": "to Sweden",
  "country.to-switzerland": "to Switzerland",
  "country.to-thailand": "to Thailand",
  "country.to-turkey": "to Turkey",
  "country.to-tuvalu": "to Tuvalu",
  "country.to-ukraine": "to Ukraine",
  "country.to-united-arab-emirates": "to United Arab Emirates",
  "country.to-the-uk": "to United Kingdom",
  "country.to-the-usa": "to United States",
  "country.to-vatican": "to Vatican",
  "country.to-vietnam": "to Vietnam",
  "country.to-dubai": "to Dubai",
  "country.to-bahrain": "to Bahrain",
  "country.to-bolivia": "to Bolivia",
  "country.to-colombia": "to Colombia",
  "country.to-ethiopia": "to Ethiopia",
  "country.to-guatemala": "to Guatemala",
  "country.to-iceland": "to Iceland",
  "country.to-jamaica": "to Jamaica",
  "country.to-south-korea": "to South Korea",
  "country.to-mozambique": "to Mozambique",
  "country.to-namibia": "to Namibia",
  "country.to-qatar": "to Qatar",
  "country.to-saudi-arabia": "to Saudi Arabia",
  "country.to-tunisia": "to Tunisia",
  "country.to-trinidad-and-tobago": "to Trinidad and Tobago",
  "country.to-taiwan": "to Taiwan",
  "country.to-tanzania": "to Tanzania",
  "country.to-uganda": "to Uganda",
  "country.to-uruguay": "to Uruguay",
  "country.to-cameroon": "to Cameroon",
  "country.to-central-african-republic": "to Central African Republic",
  "country.to-chad": "to Chad",
  "country.to-republic-of-the-congo": "to Republic of the Congo",
  "country.to-equatorial-guinea": "to Equatorial Guinea",
  "country.to-gabon": "to Gabon",
  "country.to-benin": "to Benin",
  "country.to-burkina-faso": "to Burkina Faso",
  "country.to-cote-d'ivoire": "to Cote d'Ivoire",
  "country.to-guinea-bissau": "to Guinea-Bissau",
  "country.to-mali": "to Mali",
  "country.to-niger": "to Niger",
  "country.to-senegal": "to Senegal",
  "country.to-togo": "to Togo",
  "country.to-zambia": "to Zambia",
  "country.to-costa-rica": "to Costa Rica",
  "country.to-armenia": "to Armenia",
  "country.to-angola": "to Angola",
  "country.to-azerbaijan": "to Azerbaijan",
  "country.to-bosnia-and-herzegovina": "to Bosnia and Herzegovina",
  "country.to-barbados": "to Barbados",
  "country.to-bermuda": "to Bermuda",
  "country.to-brunei": "to Brunei",
  "country.to-bahamas": "to Bahamas",
  "country.to-bhutan": "to Bhutan",
  "country.to-botswana": "to Botswana",
  "country.to-belarus": "to Belarus",
  "country.to-belize": "to Belize",
  "country.to-costa-rica": "to Costa Rica",
  "country.to-dominican-republic": "to Dominican Republic",
  "country.to-algeria": "to Algeria",
  "country.to-fiji": "to Fiji",
  "country.to-zimbabwe": "to Zimbabwe",
  "country.to-gambia": "to Gambia",
  "country.to-guinea": "to Guinea",
  "country.to-guyana": "to Guyana",
  "country.to-honduras": "to Honduras",
  "country.to-haiti": "to Haiti",
  "country.to-jordan": "to Jordan",
  "country.to-kyrgyzstan": "to Kyrgyzstan",
  "country.to-cambodia": "to Cambodia",
  "country.to-comoros": "to Comoros",
  "country.to-kuwait": "to Kuwait",
  "country.to-kazakhstan": "to Kazakhstan",
  "country.to-laos": "to Laos",
  "country.to-lebanon": "to Lebanon",
  "country.to-liberia": "to Liberia",
  "country.to-libya": "to Libya",
  "country.to-moldova": "to Moldova",
  "country.to-macedonia": "to Macedonia",
  "country.to-myanmar": "to Myanmar",
  "country.to-mongolia": "to Mongolia",
  "country.to-mauritania": "to Mauritania",
  "country.to-nicaragua": "to Nicaragua",
  "country.to-oman": "to Oman",
  "country.to-papua-new-guinea": "to Papua New Guinea",
  "country.to-paraguay": "to Paraguay",
  "country.to-serbia": "to Serbia",
  "country.to-rwanda": "to Rwanda",
  "country.to-syria": "to Syria",
  "country.to-swaziland": "to Swaziland",
  "country.to-tajikistan": "to Tajikistan",
  "country.to-turkmenistan": "to Turkmenistan",
  "country.to-tonga": "to Tonga",
  "country.to-uzbekistan": "to Uzbekistan",
  "country.to-vanuatu": "to Vanuatu",
  "country.to-anguilla": "to Anguilla",
  "country.to-antigua-and-barbuda": "to Antigua and Barbuda",
  "country.to-dominica": "to Dominica",
  "country.to-grenada": "to Grenada",
  "country.to-montserrat": "to Montserrat",
  "country.to-saint-kitts-and-nevis": "to Saint Kitts and Nevis",
  "country.to-saint-lucia": "to Saint Lucia",
  "country.to-saint-vincent-and-the-grenadines": "to Saint Vincent and the Grenadines",
  "country.to-french-polynesia": "to French Polynesia",
  "country.to-new-caledonia": "to New Caledonia",
  "country.to-wallis-and-futuna": "to Wallis and Futuna",
  "line1": "Send money %{country}",
  "line2": "with Exohood"
}
